customer_id,name,email,birth_date,state,signup_date
1b6290ff-da8b-41b7-9c72-1111350923a8,Enzo Gabriel Macedo,aylasiqueira@example.net,2005-09-04,PR,2024-11-03
e0e69f4b-05b5-4279-b97e-d3b56c9fd401,Ana Júlia da Mota,oliviacardoso@example.net,2001-03-27,PA,2023-11-30
bf234e7c-b79c-46bc-86f6-e88b3f50fa4f,Vitória da Cruz,cunhaanthony-gabriel@example.org,1959-01-31,BA,2020-07-02
d1d46bbe-be3b-4abc-9bd4-9a260d180d24,Bernardo Rios,brunooliveira@example.com,2005-04-02,AM,2022-06-07
964f2126-bc63-423d-8f17-072980803ec5,Maria Vitória Almeida,bruna06@example.net,1976-08-10,MT,2022-09-01
852d7308-65c7-46fd-bbe7-86290edb98b4,Olívia Vasconcelos,fariasbruna@example.net,1965-07-18,PA,2023-09-27
421b22bb-7f05-4fd6-a1a7-ccd8c26e54ec,Juan Moraes,santoshenrique@example.com,1986-05-08,TO,2022-11-25
b0a9f5bf-3ddc-4426-bb42-71af56a5041b,Davi Luiz Porto,joao-pedro56@example.net,1980-09-25,SE,2025-02-16
f791266a-f008-48f3-aaf1-c0623de1cf30,Alexia Ramos,andrebarros@example.net,1990-03-26,SC,2021-09-04
c7056074-7c07-4f64-b8f4-e459c444407b,Vitória Moreira,das-nevesevelyn@example.net,1971-08-28,PE,2024-10-08
f88df68f-aeca-4137-bceb-c79c19915eed,Isis Alves,gabrielaraujo@example.com,1977-08-29,PE,2024-02-25
acfe07be-e852-4b45-b97b-407ae850c74d,Luana Machado,maria-vitoriaviana@example.com,1972-07-31,SC,2022-12-02
c1e37ca5-b923-4674-b827-3ffb307aa8ee,Leonardo Nunes,davi-luizsilva@example.org,2005-01-02,DF,2023-07-14
32d9696d-5293-420b-9b48-a6811084f035,Maria Helena Guerra,laiscarvalho@example.net,1979-02-09,TO,2025-05-25
cf045fb7-d498-48b9-9b85-9a0fd8e72c80,Ian das Neves,fonsecahenry-gabriel@example.net,1979-07-28,RO,2024-10-22
0f6c55a5-969b-438c-9f3f-20d38e6a8424,Dra. Jade Fernandes,rafaeladas-neves@example.net,1959-08-04,PB,2020-03-06
47a11204-2ae8-492f-8572-078ad48ffa6e,Aurora Jesus,jose26@example.com,2001-10-04,GO,2024-09-15
ee2378df-88f6-41d9-b35b-f40933b38d64,Sra. Esther Montenegro,pcarvalho@example.net,2003-03-18,PA,2020-06-01
41ed1488-f611-4dfc-b15e-f21cc6ae61f7,Srta. Maria Luísa Vargas,luanmelo@example.net,1982-12-02,PB,2020-08-08
e463ca15-7991-4ff6-8f87-9d328dd45a90,Dr. Benjamim Caldeira,pintomaria-luisa@example.org,1981-02-28,RR,2024-11-01
007bac99-f87f-4302-b763-403c13465380,Oliver Cirino,fnunes@example.net,1993-07-10,AM,2025-01-21
14990e82-0776-4400-8001-405508b4cc92,Rhavi Peixoto,noah57@example.com,1986-01-03,AC,2020-06-14
7f6b15ac-4e50-456c-adc5-6152ce1e5d46,Rael Vasconcelos,ecarvalho@example.com,1996-10-08,AC,2023-05-29
ca18e775-910a-463e-897a-9744ccb55ecf,Ana Júlia Casa Grande,ncassiano@example.com,1955-01-22,ES,2024-10-05
7dba9080-08e4-49c3-9b45-c9ff06b71726,Davi Lucas Rios,wrezende@example.com,1973-04-14,PA,2021-11-20
ff9b180b-efe2-4ce8-8ae5-7f747b581efd,Luna Macedo,barrosandre@example.net,1998-03-07,PB,2022-08-15
5cc169d3-1b53-425c-a8ac-d135d0dafd33,Caleb da Costa,bazevedo@example.org,1993-08-11,BA,2024-11-02
25090070-52cd-4f24-893b-b7c5798d29eb,Ayla da Paz,vitor-gabriel06@example.com,1966-10-19,AL,2020-12-09
15e60226-a8bd-4927-87b1-c5113e07a7d6,Joaquim Peixoto,peixotoluiz-gustavo@example.com,1992-11-26,ES,2023-05-04
901271e3-4212-4041-875d-479ac9dc674f,João Miguel Macedo,scassiano@example.net,2000-03-20,PR,2022-05-13
02b7ef0e-969f-45e6-a12a-17200e2b1cd9,Davi Lucca Montenegro,jesusmirella@example.org,1998-02-01,GO,2023-11-30
fd5d910d-f3b7-4168-b313-e330eb53cfdf,Srta. Mariah Rezende,emanuelda-conceicao@example.org,1955-07-13,SP,2023-08-24
ab290dc3-3eb5-403a-81f6-88fad5a92d2a,Nathan Santos,jose-miguel38@example.com,1963-11-16,PB,2021-05-26
c492bd4b-4ff4-4fac-9c94-a7fe6d0b4b25,Alexandre Rezende,gcirino@example.com,2004-02-16,SP,2020-02-24
3ab85331-231f-40e8-8c5f-84962f100819,Allana Correia,afreitas@example.org,1963-06-13,TO,2022-07-27
20d7f0ca-4b35-4022-b8a3-fb3109d767c9,Caleb Fonseca,yasmin43@example.org,2004-10-06,PI,2021-04-28
ca966172-5720-4b57-8ab9-ce29cc54ad05,Julia Teixeira,bnovaes@example.net,1968-12-27,RS,2020-06-19
75441303-285b-48a2-a145-300ee18a1394,Ravy Silveira,ccarvalho@example.org,2005-03-21,CE,2020-08-04
3c095482-a5fd-4c77-9279-3c9e3fd9d7ee,Vitor Moraes,wcardoso@example.net,1996-01-02,DF,2024-01-18
ad47d379-fd38-4883-a23a-642de5a3954e,Arthur Miguel Aragão,calebedias@example.net,1973-04-10,PI,2023-07-18
1c626097-18ef-4d44-aff5-87d823932e4c,Pedro Miguel Barros,biancamarques@example.org,1990-09-29,GO,2023-11-22
0a745f2d-2856-46b3-8527-99b07d0058e4,Sr. Juan Silva,marcelo12@example.org,2002-09-08,AM,2021-02-22
89021871-fbd1-4726-b3e7-b53169f53f46,Ravy Ramos,luan68@example.net,1955-10-11,BA,2020-09-30
9ad3f487-f8aa-4180-ad18-0c594c93bf8a,Murilo Leão,alanavieira@example.org,1992-10-30,TO,2022-06-03
5b9e7d77-ffbe-47cc-92df-611076e3de78,Dra. Maria Luísa Silva,jpires@example.net,1982-12-09,RN,2021-06-05
80379893-3bc2-42f7-9a1e-b12aa7b62cc7,Dr. Rafael Duarte,diego52@example.com,1991-01-14,GO,2024-01-23
2490a7ca-e64b-468d-ae28-8e6da9892e4f,Ian Cunha,melissaborges@example.org,2007-04-22,SE,2025-02-27
0e47ebec-11cb-41db-bb24-e099c38d50c9,Dr. Henrique da Costa,henriquecarvalho@example.net,1992-12-07,PR,2025-02-25
34a40746-1153-4f3c-bbaf-75abc2c0f0e3,Joaquim Farias,anthony-gabrielcostela@example.com,1964-01-05,GO,2020-05-18
69bbc2ea-b373-46d7-80c5-03cf218046af,Mariah Rezende,davi-luiz44@example.com,1978-11-06,MT,2025-01-07
4f8f3b8e-29aa-4128-8885-692df0d75cdb,Bruna da Conceição,ana-livia68@example.org,1962-09-28,CE,2022-09-22
109c1427-7e5d-4aa6-abda-63fdec6dca30,Maya Gomes,camargomaysa@example.net,1997-06-28,DF,2023-11-14
d171c60d-5062-427b-a2ea-d240f89029bb,João Vitor Carvalho,cavalcantecaroline@example.org,1994-10-06,SP,2023-06-25
260d6391-ba17-4fea-9f44-93f09ab9b828,Sr. Benjamin Rocha,isabellycampos@example.org,1960-02-04,BA,2022-08-01
ca14c443-d429-44ba-802f-e891648b959f,Marcela Rezende,sabrina71@example.org,1986-01-01,RS,2022-05-18
a3e9d61d-7836-4ffd-b402-9177243da65d,Gustavo Vieira,rebeca56@example.net,2005-10-25,BA,2025-07-24
972ced8b-1638-48b0-beff-d2a7ad7a94e7,Sra. Melissa Fogaça,ferreiraleandro@example.com,1956-02-21,MG,2024-03-13
cdeb3a71-2fda-4770-a761-303fff074293,Caroline Oliveira,kbrito@example.net,1988-09-28,SE,2024-08-21
945c36d6-8cf1-45de-a363-e2e4b43ef71b,Emanuel Guerra,olivia26@example.com,1986-10-25,TO,2025-05-15
5a33248c-9fec-4bc8-b2d7-732e1e05d5bf,Rhavi Nascimento,qfogaca@example.net,1976-11-17,RR,2024-10-02
000688b7-6520-40d4-94c2-6c1eab3c3210,Sr. Rodrigo Novais,thomasda-conceicao@example.org,1998-10-28,TO,2021-04-10
12b98c6e-ae9c-40a8-bc24-14d1b6b06a9e,Srta. Amanda da Conceição,cecilia40@example.com,1968-07-04,AL,2021-07-15
c6c793dc-1271-4461-b160-55f7ef7ba4a5,Cauã Sampaio,luiz-gustavo67@example.com,1970-01-12,MS,2024-08-06
1fda0c23-46a9-44e3-b31a-8b93a9e2c431,Alícia Rezende,marcela61@example.org,1998-03-28,RN,2021-12-08
ccc9ccf0-fe03-4826-9a05-8a2656fa02a1,Bella Moreira,maria-lauraporto@example.org,1961-11-08,PE,2021-12-08
184488da-560d-452d-b1ee-b4d94b48c41f,Danilo Teixeira,bruna76@example.com,1957-03-02,SC,2021-03-09
1d102102-99d1-464e-8a42-aa6c3bc464af,Maria Luísa Moraes,caleb26@example.net,1960-08-05,RR,2023-09-14
eff43f68-da2b-4f1e-82fb-66e2b2751ea7,Zoe Câmara,wrocha@example.org,1965-09-17,SC,2020-05-10
fa1169be-41e8-4192-a5dc-b079ee88e136,Olivia da Luz,aliciafonseca@example.com,1964-12-11,RS,2025-02-26
3ab27385-a93f-4f21-a72f-6ca2edf39765,Sr. Luiz Miguel Novaes,almeidaana@example.com,1994-09-30,PE,2021-03-04
9df450dc-f250-4115-984e-982d759d1d6c,Sr. Asafe Sales,luiz-henrique93@example.org,1982-09-08,AM,2023-04-23
b4430e7a-cfaf-43c6-9d75-42483d9a59d3,Guilherme Azevedo,olivia74@example.net,1989-12-29,BA,2023-01-13
06078fc7-f634-4ec9-9b66-5133f4d69880,Benjamim Pereira,vasconcelosfrancisco@example.com,1993-07-31,MS,2022-09-15
1afdde1d-3266-40c8-84a3-41f59db9fbe9,Maysa Sá,vlopes@example.net,1964-06-14,AL,2020-01-11
5aad129a-89d5-4579-8a92-d74eda71bf83,Noah da Luz,gustavo-henriquearaujo@example.org,1966-07-26,MT,2023-02-06
0c58ae9f-37d1-45ed-a483-12e1011052e7,Benício da Conceição,marquescecilia@example.org,2001-10-21,MS,2024-05-17
0fd918c2-709f-4e5b-b54e-09d58a60fbef,José Silva,pirespietro@example.com,1957-02-01,AL,2021-04-12
9125a1a3-4a14-4b0e-b245-6c923a06c845,Emanuel Fernandes,ccorreia@example.net,1961-10-03,MG,2020-12-17
e103dd5e-84ee-4165-94b2-894354719782,Rael Viana,alicesilva@example.net,1979-02-16,PI,2024-05-19
e6e87461-7d90-49dc-8867-0e3026d46f42,Milena Azevedo,fernandesbrayan@example.org,1962-02-27,PA,2020-12-03
7a5932ec-c2f4-41ec-a955-eb7c7272ad2c,Renan Sampaio,heloisada-mota@example.net,1972-08-07,AC,2023-01-28
66dd8cd8-6206-486f-8f6d-b8b6570d63ab,Maria Flor Castro,bvasconcelos@example.com,1979-01-02,MG,2020-12-10
37d6e6ee-c245-4572-bd1a-65955eb7271c,Maria Liz Moreira,ana-laura29@example.net,2003-05-24,ES,2025-06-19
2bc3957b-d9bf-4825-a4da-3269a5de4a09,Sr. Juan das Neves,nrocha@example.org,1993-10-04,AP,2021-10-22
36e1f3b0-64b8-4c1d-b45a-9dd6df581010,Dom da Rosa,fernandescaio@example.net,1955-03-31,SE,2022-07-14
4f6ffd50-2c4f-4de2-8c66-8a80d552f88d,Ravy Fonseca,guerraevelyn@example.net,1988-12-24,RO,2021-09-18
b0d63d0d-efda-4ba0-90ce-acd1fe052574,Dom Campos,da-rochamanuela@example.net,1960-08-14,PR,2021-12-10
6e42ac50-851e-47ef-93ff-70a03ba1ed63,Maria Eduarda Lopes,antonyalbuquerque@example.org,1999-11-14,RN,2021-04-29
274e379b-b476-447f-b8fb-41bb12c8b300,Maria Helena Souza,sophia93@example.net,1986-12-03,AP,2022-10-30
0fc96969-5951-405d-aac3-01be4ccf3dd8,Srta. Júlia da Paz,maria-fernandacorreia@example.com,1955-12-27,AL,2023-12-29
aa123f25-4dc6-483b-ab0a-1433199d0be7,Isabelly Rodrigues,imonteiro@example.org,1957-01-02,PE,2020-12-15
80fe34ab-037b-45ec-9fa0-03fd08ac81b8,Ayla Leão,ana-sophia42@example.com,1982-01-28,MG,2025-07-25
90008b97-769a-4ea4-978d-8a3327c28527,Eduardo Ramos,xribeiro@example.org,1989-09-21,BA,2020-01-03
305677af-ea0e-4568-a704-70dbd2a41f1f,Davi Luiz Rios,almeidamaria-isis@example.org,1971-12-05,GO,2025-08-02
3a915c28-427a-453d-bec8-fee2090423c4,Sophie Siqueira,camargovitor-hugo@example.net,1997-08-22,RO,2020-12-28
e4468102-e2d2-4f89-bef9-26d63b0c7aee,Hellena Nunes,gabrielada-conceicao@example.org,1963-09-26,TO,2020-05-26
f3e62ca5-d509-4630-9a40-8f8086887aa8,Aylla Vargas,vitor-hugo91@example.org,1982-04-09,SP,2025-01-17
3bce54a2-3cea-422d-987b-fd1fdfea2d38,Sr. Gael Rios,andradeisabella@example.org,1994-08-03,RO,2021-11-18
8c40d4e6-d6c8-44b8-9e1a-d1445e3eb497,Maria Sophia Pacheco,fpires@example.net,1991-08-22,RJ,2024-12-24
4a4d2b76-9849-4e26-9e04-f4ab1cad8b29,Juliana Monteiro,viniciusaparecida@example.com,2003-12-13,SC,2020-08-06
47aa6744-7a05-4d74-822e-792be4733048,Pedro Miguel Castro,ninaandrade@example.com,1979-08-15,MS,2022-06-05
78a5956e-5fa3-47ec-a703-57154b2a70ac,Laura Cirino,ysampaio@example.org,1963-07-14,PA,2025-06-22
fea7050b-ee32-4f41-9af2-a3657f42ecd1,Cecilia Moreira,silvamarcos-vinicius@example.net,1962-05-24,PB,2021-12-25
2600ae99-5d1b-4d55-a09e-2eeedd862aac,Srta. Maria Costa,monteiroisadora@example.net,1997-11-28,RO,2022-05-03
1bdac579-805f-4ced-9c23-b17003106295,Ágatha Cirino,dda-cunha@example.net,1959-05-30,BA,2023-04-22
61e147fc-b8b3-449c-9098-467866b01416,Alana Carvalho,laurapinto@example.com,1972-01-11,AC,2020-01-25
d7666491-a374-4e65-9cad-06deb17c4edc,Enzo Brito,lara38@example.com,1984-09-23,AM,2020-09-27
3478a9c1-7f46-42a6-af5f-2ccb299fb099,Pedro Miguel Camargo,ana-clara74@example.org,1974-11-07,PE,2020-05-03
ad52d621-dc75-4109-9f6c-0a867ea16936,Oliver Sales,rochaandre@example.org,1997-12-17,PA,2022-08-16
7edbb590-a46b-4c0a-b462-a6eadfa9d2e8,Maitê da Luz,mlopes@example.com,1975-12-02,AL,2022-10-04
8f792b15-f88e-495a-aaa6-20e5e139d8ca,Isaque da Cruz,ulopes@example.org,1963-02-03,MA,2025-02-10
d91099b5-b292-4898-8a3a-70e0726a49ea,Jade Sá,ldas-neves@example.net,1995-07-27,SP,2022-05-10
e1f88558-3691-4d96-a6ce-c4d452231e8e,Luiz Fernando Caldeira,nda-mata@example.org,1986-07-24,MS,2022-09-20
ae24d410-7947-46cc-942b-7f89efc79a47,Sophia Teixeira,aragaoleticia@example.net,2001-11-13,RS,2023-06-24
acaed2c9-21c9-4e9c-9c5b-e120f480456e,Luigi Montenegro,ana-vitoria96@example.org,1997-03-13,PA,2024-01-13
1a453cd8-3cea-4526-8bc4-b563eb125c5a,Vitor Gabriel da Cruz,melomarcelo@example.net,1985-01-18,SE,2020-12-05
282b7b5c-92b0-4f07-acfd-626df2c081b4,Natália Sampaio,macedoisabel@example.com,2003-12-23,DF,2023-03-10
6b266ce8-106a-4f12-9aa5-4b966fb506f2,Levi Moraes,matheus95@example.org,1973-11-20,RO,2025-04-20
d4bc93bb-500d-4c94-a6ec-1ebee4332dce,Davi Luiz Novais,sofia79@example.com,1973-07-29,RR,2023-06-18
4a099911-c21d-484a-9feb-800a4212ed5b,João Guilherme Cirino,nicole10@example.com,2004-08-23,AL,2022-05-05
6c457135-408e-4053-bf97-634068a9c658,Sofia Gonçalves,bryanmelo@example.com,1970-12-29,AL,2025-01-28
e184fe44-2e50-4546-88e7-f59a5637e1d9,Laís Araújo,pmoreira@example.net,1956-12-27,MA,2022-06-18
aa413cde-34da-480e-bb1e-e7ecba0946c5,Isabelly Vargas,novaesjoao@example.org,1998-09-15,PE,2021-11-19
81732ed3-1ba1-4436-b9df-b0ce59bc200e,Mariana Brito,da-costaisis@example.com,1997-08-14,PE,2024-06-27
7e06f98d-96d4-43c4-b3f6-0920cb1e4dc0,Maria Luiza Castro,cauaribeiro@example.org,1971-12-13,CE,2022-12-25
4eecbeeb-7124-4456-8629-b00cbc4d85c9,Rodrigo Sales,maya31@example.net,1993-03-20,AM,2022-11-01
b851025b-da52-42b9-972b-3ec2be24ba31,Cecília Fernandes,pedro-henriqueguerra@example.com,1991-04-25,SP,2022-08-05
db5c313d-5485-4168-8d67-9951d896f8ac,Gael Araújo,silveiralucca@example.com,1963-05-08,MA,2021-12-09
e605bb55-3e8b-4745-bd06-41a65146d24a,Mathias Casa Grande,xcastro@example.org,1964-02-10,AP,2021-08-09
db33c42c-c397-4215-9c6a-e40858d08cc3,Sophie Pastor,isaac73@example.net,1986-11-23,MS,2020-02-18
6d3e7524-91e1-4055-a20f-7b245f06de7b,Gabriel Peixoto,stephany11@example.com,1979-03-31,PB,2021-07-25
021fd729-68db-41a8-b495-38dc476fd9c9,João Pedro Vargas,zpeixoto@example.org,1981-12-18,BA,2021-12-25
abef8575-8375-408b-b805-abd7563baa58,Anthony da Conceição,rleao@example.net,1963-07-17,PR,2023-02-25
517ebd89-e19f-49a0-8fc2-8495231a996a,Augusto Macedo,vvasconcelos@example.com,2005-07-03,GO,2022-08-06
82177499-8ca6-4766-9288-1e45166bc399,Alana da Rosa,diaskevin@example.com,1980-03-09,CE,2021-04-13
4ea0ed87-6def-40f2-85b2-ddcd8e47d8ab,Dr. Juan Cirino,pimentamaria-luisa@example.com,1973-11-04,RJ,2025-03-24
063e3b42-bba4-436d-aa21-23ab58ada8f9,Ayla da Paz,clariceramos@example.com,2002-05-25,RS,2023-11-14
1a1fb061-7a92-43a7-a58f-8a885f684f64,Milena Siqueira,gpimenta@example.net,1954-09-27,AC,2024-04-02
b6a56862-2847-41b6-ba5d-3631e68b8cff,Benjamin Souza,enrico66@example.com,1993-12-31,ES,2021-01-19
3836862d-803c-4013-ba86-da15caea2ddc,Francisco da Costa,vcirino@example.net,1996-04-10,PB,2021-06-05
c518f6d8-1d51-4a67-b401-369865df7be8,Vicente Peixoto,macedolevi@example.com,1979-02-08,TO,2020-07-24
f46a30be-f781-4463-8460-4b7cbb2cfbce,Noah Novaes,sarahcostela@example.com,1990-02-13,ES,2024-03-29
ef09f117-cbd4-445e-be80-1529d4b20681,Brayan Leão,siqueiraarthur-gabriel@example.net,1982-07-21,MA,2025-01-29
db410df6-f776-4026-ab88-452f4806a7fc,Maria Luísa Cardoso,freitasgael-henrique@example.org,1969-09-25,PA,2024-05-19
6c9f7778-033d-4afa-9662-2dbd2b6fbeb6,Theo Caldeira,antonella06@example.com,1955-10-12,AC,2023-03-17
0ceeb4ce-9660-4aa3-bd49-9c5bbce858be,Arthur Gabriel Jesus,claricealmeida@example.com,2006-09-01,PR,2022-04-09
5d67263b-a8c8-4577-9b84-163dd075bcae,José Miguel Cavalcanti,antonellafonseca@example.net,2007-07-12,DF,2025-07-12
4da556d4-24a0-4ff7-8a34-db3df92d0051,Dr. André Ramos,maria-laura12@example.org,1994-06-26,TO,2021-10-31
75d32701-a5a2-470b-bc51-f795670aa733,Pietro Novaes,barbosajoao@example.com,1973-01-26,SP,2022-10-12
6d18052a-fc74-43f6-b5c4-19f385c8b028,Oliver Melo,vborges@example.org,1996-03-25,RN,2022-07-05
1a32dea1-d5fb-4020-b92a-4f38ac18247f,Kaique Montenegro,vasconcelosdante@example.net,1964-02-25,PR,2024-11-01
78c8743e-329d-478b-a2eb-52d2061da4fa,Catarina Dias,guilhermecasa-grande@example.org,1970-04-11,AM,2020-06-03
4b387ab5-75de-4843-9310-f6dd5638eab8,Theo Borges,sousaana-sophia@example.com,1999-08-09,SC,2022-07-16
fbacc4f2-52af-45fe-8fca-98b1cfb0b695,Sr. Renan Pastor,jesusbella@example.net,1977-01-16,AC,2022-04-19
f1825444-4b99-4f1f-b77a-f3b6989fcc36,Marcos Vinicius Fernandes,yda-cunha@example.net,1958-11-25,RN,2022-02-28
d6444d52-d628-4b7c-bdcf-045f6804c3ab,Léo Novais,ffonseca@example.org,1957-12-17,MG,2022-02-25
41673e4c-e2d5-4bad-b859-a6616d5e4735,Pietra Alves,nicolas90@example.org,1958-08-20,RO,2021-01-05
d08a836e-8e57-4fd6-9c1a-a777addf17f4,Juliana Macedo,cunhasamuel@example.net,1977-04-24,PB,2020-08-02
a786b717-514c-420d-b7dc-920b4522b1c3,Davi Porto,lorenacavalcante@example.net,1972-01-26,RJ,2022-12-12
57c90dab-2908-46f7-a2ff-2cfe9428d8e2,Yasmin Pastor,cunhaleo@example.com,1955-10-04,AM,2024-01-19
22565cd6-adc4-47a3-b55d-0972c4bd55f9,Joaquim Aragão,joao-felipe86@example.org,1964-11-16,MA,2024-07-05
912412e1-f9d7-48b4-9fa1-fe9c29a2acc4,Benjamin Camargo,urios@example.net,1968-10-20,AM,2022-03-31
195a3b93-b2b9-4091-b1ed-b8680e9d00ed,Davi Lucca Câmara,davi-miguelda-paz@example.com,1975-04-29,CE,2022-12-01
bd99e1ba-d0df-4006-84b3-5da7389f3b19,Enrico da Cunha,ycorreia@example.com,1966-04-01,BA,2023-08-06
239c7a74-6538-4abf-b7b8-8dbf7a6acfac,Emilly Santos,souzacaue@example.net,1964-12-03,MT,2023-10-09
220417f0-ec4f-439f-ba44-459e2fd37d29,Gael Correia,galves@example.com,1966-11-10,MT,2024-07-09
25912ef0-9ba3-4c16-a484-3391ca771ea1,Eduarda Moura,isaqueda-cunha@example.org,1965-09-02,PR,2022-08-29
4a860039-6d42-440e-b073-851631dc5c74,Dra. Isabela Costela,duarteheitor@example.org,1961-07-24,BA,2020-08-13
afa10d7e-42ed-45e6-bdee-17fdb812867c,Benjamim Fernandes,maria-fernanda04@example.net,1989-02-16,MS,2022-07-15
ff5794b5-05fa-4222-9333-d0c78c22a57e,Dr. Apollo Machado,mazevedo@example.net,1997-09-15,MS,2024-06-13
3ae2819f-cf23-42f6-8eac-1208ede69258,Melissa Câmara,esther45@example.com,1968-11-02,RJ,2022-08-23
07dd2571-2389-42bb-abc8-98152675047e,Manuella Fonseca,gsiqueira@example.net,1979-09-20,MG,2024-09-23
5760d6df-fe63-4588-a00c-e8f7205ac00e,Melissa Lopes,lopeslorenzo@example.net,1962-11-19,PE,2023-05-17
2abd3960-9458-4d8e-a0c2-5f330f6a7852,Dra. Manuela Rios,nunesrodrigo@example.org,1966-06-23,MG,2024-03-13
63a124bf-2fcc-422b-8c37-19effbf0c45b,Clara Almeida,gcamara@example.com,1987-03-28,GO,2021-10-27
207bda13-448e-468a-94ea-a5d45da888db,Srta. Clarice Freitas,ana-carolinagomes@example.org,1992-05-16,RJ,2024-11-23
fb50d217-d187-4a47-84b0-8d974b7f417b,Ana Julia Lima,bryan93@example.net,1979-12-27,MS,2020-04-10
24520882-a76f-4eb2-aca0-72cccb9a28a6,Luigi Pires,hmelo@example.net,1961-05-27,AC,2024-02-28
d52f4e76-7eea-4ed3-a561-640e8cec47ba,Lavínia Rodrigues,yrezende@example.com,1970-01-14,AM,2024-12-06
21aafde1-92e5-4e31-bfe3-a8d2bcb66288,Cecilia Jesus,jose-miguelcaldeira@example.com,1976-01-30,CE,2022-04-12
de768ceb-f167-4abf-8e98-257d21b00dd7,Bianca Vasconcelos,ramosthiago@example.com,1959-11-12,RS,2024-06-12
41a78774-9967-42a4-8979-345ac69c5477,Letícia Brito,rafaelsiqueira@example.org,1974-05-06,PE,2023-05-02
4abb1306-3a2e-4d5c-a109-a205de3d8144,Luigi Cardoso,aylla86@example.org,1973-02-15,TO,2020-05-13
0f072567-1358-434f-92f7-1a9f02d3abba,Kevin Aragão,mouraheitor@example.org,1967-01-28,AL,2024-10-30
86671b20-141d-49c8-bc1a-16a71f5ab49b,Srta. Bianca Barbosa,nascimentovitoria@example.net,2001-05-07,RN,2021-03-18
025b5504-dc24-4caa-bd8d-35a80ab0f7a5,Dra. Laura Martins,ferreiraester@example.net,1999-04-12,MT,2022-01-06
66916379-3f1e-49a6-ab14-b5982936c665,Gael Marques,ana-vitoriaguerra@example.com,1956-03-14,MG,2022-09-16
41a7eee7-6032-4651-9eb3-7a80d37fcb82,Stephany Sousa,luiz-felipe42@example.org,2004-11-20,RR,2024-12-01
29e8bbbe-69a9-4071-9e59-efbe3dd8833b,Calebe Siqueira,abreubenjamin@example.org,1970-05-01,DF,2020-03-02
a25db83d-0f95-443a-be1b-ea587191699b,Gabrielly Marques,theonunes@example.com,1980-09-07,SP,2022-04-11
60ddfc67-879b-4207-b959-7e24d9d9639a,Olivia Nunes,maria-laura10@example.com,1971-07-29,RJ,2025-06-14
625e59db-db5a-462d-9574-35efa3c059b8,Matteo Albuquerque,maria-fernandaaraujo@example.org,1977-10-22,RR,2024-11-18
28218bf8-3321-44c7-8bb6-45118121becb,Hellena Azevedo,caroline71@example.net,1978-11-13,PE,2023-01-22
6e0b0e90-9e79-43db-a4dd-bbd265c27bb2,Srta. Manuela Vasconcelos,mabreu@example.com,1975-12-04,TO,2025-02-25
6d7fa8a4-f409-4aec-b456-6ad891d6adaa,Nicole Vieira,diasisabella@example.com,2004-11-11,PA,2020-02-26
3ae7a87b-ece0-465a-91f1-cb8140c5a061,Lorena Andrade,olivia33@example.com,1961-11-27,RJ,2021-09-16
5248591c-8d8b-4b4b-903f-b2a014f1077c,Enzo Pires,bianca44@example.net,1997-07-30,MS,2023-12-08
1182cc35-c9cc-4f9e-b568-3ae471793bf3,Nicolas Moura,fnogueira@example.com,1979-11-20,PI,2023-11-19
16905df4-68c1-4368-88a3-43001d709bb4,Ian Fernandes,gael-henriquesilveira@example.org,1963-01-30,DF,2025-04-04
4157fadd-8fb1-4669-aac5-a68053049589,Nicolas Marques,costaana-cecilia@example.org,1987-10-09,SP,2021-04-29
48da88a2-262c-4039-815d-1a2943598bbc,Mariana Dias,spacheco@example.com,1989-06-09,SC,2020-05-16
ea60aa6c-c78f-4bc2-8276-c2d131e32f64,Nina Aparecida,joao-lucas15@example.net,1984-11-06,RJ,2020-05-12
feebc30d-28d9-4af9-a532-32bcab2d255e,Srta. Maria Fernanda Souza,aragaovitor-gabriel@example.net,1973-10-01,BA,2020-06-08
0e90db0f-d685-4223-866a-47102055cf2c,Ana Luiza Duarte,rcaldeira@example.net,1962-04-23,ES,2020-04-06
4ce4f4bf-0aa0-4329-a210-416332eabbe1,Elisa Pereira,tdias@example.net,1992-02-06,DF,2023-07-28
e0ce9c49-3bfa-40c4-b09b-732858fbbf65,Pedro Lucas da Cunha,jade74@example.com,1958-01-13,CE,2020-04-01
4a19fcb5-2479-4e54-987e-7da42647c5d6,Mariah Sousa,camposjoao-felipe@example.org,2001-05-18,RR,2022-01-15
094cc90e-8221-4aa1-823f-85a2083f6b8b,Clarice Melo,ramosarthur@example.com,2000-12-18,MT,2025-07-21
a71c7e14-511b-4b87-ad56-535bec47e770,Bruna Ramos,fogacaagatha@example.org,1970-09-04,GO,2023-09-05
8c2fdc25-e060-4b00-b325-3388e4c92d26,Dr. Erick Martins,ana-juliada-cruz@example.org,1995-02-27,CE,2024-08-23
ba21119c-b059-4ef2-9ddb-9d134e070c39,Dr. Noah Sousa,aduarte@example.com,2000-03-30,AM,2022-08-31
1705323e-95b7-41b5-8bff-7c264251c954,Ágatha Porto,nicolepimenta@example.com,1966-01-02,MS,2023-08-27
0eb5eb14-9e41-41d2-8980-0377aa1e8c94,Paulo Abreu,zcamara@example.net,1961-05-18,AM,2025-05-08
68a8de7d-d35c-4dd3-831c-bcd43ac69abc,Sara Correia,ggarcia@example.net,1985-03-14,RJ,2024-01-22
c3f75cd1-2d72-47f9-ab6c-c4ccb2f3f6dc,Lunna Caldeira,pachecoaylla@example.net,1972-06-19,AC,2020-04-26
bfb2afca-e93b-43c5-acc5-384421afe8a4,Breno Azevedo,manuellafonseca@example.org,1979-07-19,DF,2023-03-21
2636d1f4-5be1-4a8c-b40f-26e7df8d3ce1,Kaique Vasconcelos,ana-julia08@example.net,1982-04-12,PB,2025-02-24
667e2a04-2381-438f-8a7e-3115c21b8752,João Pedro Pacheco,leticia00@example.org,1981-06-06,SP,2020-01-08
06f8d269-ed29-4f85-81dd-bfb6329157b9,Ana Vitória Almeida,davi-luizrios@example.org,1990-07-06,MT,2023-10-11
410ad8bc-1d10-4304-b1a2-68c572ab791f,Maria Júlia Porto,beniciofogaca@example.com,1965-11-22,MA,2023-05-04
56ccdbee-425f-45a5-be35-24f7e975ee5a,Sr. Isaac Castro,mfogaca@example.org,2002-07-14,RO,2023-01-14
3c4365c6-c69e-44fd-b772-4e7ce5d3cb51,Dr. Raul Castro,monteiroisis@example.net,1983-07-28,PI,2025-03-03
91782255-8325-4b58-8fc9-3893f59b2bc6,Benjamim Peixoto,mendoncaaugusto@example.org,1991-10-09,RS,2020-07-22
1f9c97c9-a0b3-408f-a2c6-9ea858a26a66,Luna Vargas,lorenzo91@example.org,1963-07-08,PB,2021-04-09
9ba4beda-a7b0-40fc-9ea7-3be909bef4cc,Maria Flor da Cunha,kduarte@example.org,1958-12-18,MT,2022-05-12
cd28124e-5a4e-4120-9324-b52a276bac32,Eloah Pinto,cpimenta@example.com,1955-08-24,PI,2022-11-06
3f2cc261-ff0a-47e0-8b77-9d4d9d7ff74b,Ana Luiza Fonseca,nicolas28@example.com,1998-02-03,MA,2021-03-18
66c799ae-e4c8-4397-9e04-71b3981195b2,Sofia Pires,rhaviaragao@example.net,1981-05-04,RJ,2020-01-31
5974a7f8-812b-4b33-85c8-158e1452dca2,Ana Beatriz Nascimento,caldeiraeduarda@example.com,1966-12-28,AC,2023-11-21
4aa4ea89-7a22-4d48-acb4-159a83da4d20,Srta. Camila da Costa,rafaelacavalcanti@example.com,1989-03-31,AM,2025-04-28
4d99d5f5-b89e-4122-9f9d-f1426ce122a4,Emanuel Teixeira,da-rosarenan@example.com,2006-04-20,PE,2024-04-18
deaf7cd4-0d7b-49aa-a614-522bd2f7c742,Lavínia Brito,jcamara@example.net,1968-07-21,MS,2023-10-07
390166f1-3caa-47f2-9f93-2fb9ae184eb0,Anthony Gabriel Sales,cmonteiro@example.net,1970-08-04,RN,2024-01-23
01c28d9f-e8f0-4c92-9b60-eaf670307ab5,Yan Melo,isaacnunes@example.net,1997-10-04,RJ,2024-08-02
23d92583-b880-4ae1-8936-8ccc74a62958,Eduardo Porto,mendoncalucas-gabriel@example.com,1959-02-15,SP,2024-11-07
ee8bcb14-477c-4084-a5a2-616bb1d85722,Heloisa Cavalcanti,limatheo@example.net,1990-07-18,RS,2024-12-06
3f18a8d3-21f9-4c79-8a2a-0e743231e6dd,Davi Luiz Silva,vinicius91@example.net,1969-07-04,PA,2025-01-14
61323b2b-6118-4e66-a2e1-524798ff44fe,Sr. Matteo Siqueira,juliacassiano@example.net,1961-03-04,SE,2023-07-01
b83c74b2-d3af-45fb-a72e-414892218fcc,Maria Vitória Camargo,carolinecostela@example.net,1981-10-01,DF,2020-10-27
42e9cd13-96d4-4a26-a75d-844d3b6241ab,Davi Cirino,amoura@example.net,1982-11-25,PE,2020-11-30
1c0032b5-87b5-4180-a26f-90f467841433,Vitor Hugo Camargo,antonella01@example.net,1977-04-10,RJ,2021-02-02
f5a6213a-e40f-413f-99be-2fabe04b6074,Srta. Maria Cecília Casa Grande,xnovaes@example.org,1975-07-18,PE,2024-09-24
dd2d2e9e-647e-403f-90f9-2220d1245b2d,Maria Laura Machado,juan75@example.net,1984-05-27,CE,2023-12-19
26304781-08eb-422b-9310-ff900622542d,Davi Luiz Sales,hcunha@example.com,1967-09-08,MT,2023-05-18
73342efb-f390-47d1-8d6b-735697b2758c,Luana Fernandes,costamarcelo@example.org,1998-10-18,ES,2024-06-04
6da32f6a-fe12-4822-83de-bb38e6fa383d,Luana Moraes,mendesana-beatriz@example.com,1993-01-16,CE,2023-09-19
bab53f26-220e-44b9-b51c-75dea9ba68a5,José Pedro Gonçalves,cnunes@example.com,1990-07-16,RN,2024-08-02
344e0c8f-31f8-42b0-8583-a5562c4e7608,Manuela Azevedo,omarques@example.com,1973-06-24,MG,2024-03-31
8f2a05d4-5226-406d-a93f-2e351c6c06f1,Carolina da Rocha,esther76@example.com,1971-09-25,MS,2022-02-03
520bf935-0319-478e-ac40-f652a64f80e3,Yan Guerra,lucas-gabrielcastro@example.org,2005-11-03,PA,2024-10-09
ab5ecc52-f809-4322-b01d-cf53658d4278,Maria Liz Campos,benjamim72@example.org,1982-03-06,MT,2021-08-14
01965089-f311-4444-a385-5041f540b4ff,Dra. Emilly Correia,guerralucas-gabriel@example.org,1984-02-23,AP,2025-05-01
5ea3ffc8-6db9-45ef-a517-6584455fa345,Vinicius Rezende,vitor-hugo14@example.org,1968-09-29,SC,2021-12-13
39550c3f-66fc-4b99-88ff-1bb9c2bd86fd,Théo Farias,sbarbosa@example.org,1961-07-17,AC,2021-10-18
074489d5-2ad2-487d-a9a1-aa0e355ac9a8,Sr. Otávio da Mata,kaiquefogaca@example.com,1966-01-30,AC,2025-03-19
e64c3bf0-30ad-40f4-ab42-874406947dd9,Ana Cecília Macedo,maitesampaio@example.org,1999-09-24,MA,2023-12-30
721af43e-d444-42c8-8f5a-23f373c9a202,Heloisa Macedo,ottopires@example.net,1967-12-23,SE,2024-12-20
47fd791d-7e70-4e6f-9fcf-015977ef1d01,Isaque Mendonça,julia45@example.net,1976-05-16,PA,2022-05-13
b9bd4250-28d8-44a5-bf51-c6e9e1b23dfc,Nina Abreu,melissada-paz@example.com,1965-03-26,DF,2020-10-07
eb0481aa-de7c-415a-8600-2034d3d34ce0,Sarah Cirino,sophie79@example.net,1966-12-14,RO,2024-10-23
39548ebd-cc34-42d3-b3cd-a3dfe73cc89b,Thales Teixeira,melina67@example.net,1954-09-15,SE,2022-05-31
17c3358a-8eab-4a0c-98a0-132019518ce1,Mathias Gomes,fernandesjoana@example.com,1980-09-13,AP,2023-08-12
7189359b-1579-40f8-8008-a2ffa0055cfa,Dra. Alana Mendes,barbaraalves@example.com,1989-11-23,BA,2022-02-12
3c75c40d-4b54-4dbb-b200-4b300249d9fc,João Guilherme da Cunha,da-pazraquel@example.com,1977-01-25,CE,2022-12-27
c8a9de55-4131-428d-b753-e8e5e64ac41a,Dr. Luigi Pires,eduardo04@example.net,1970-02-20,DF,2022-07-06
289ef5b3-ccf0-4b3a-a0a5-fd37e71385ed,Caleb Marques,sviana@example.net,1958-12-21,MS,2023-09-26
6185d988-5760-4bab-a5aa-8de871cf566a,Aylla Melo,brunopeixoto@example.com,1993-03-03,PI,2023-07-26
ede57d07-fbe3-4e0d-9a48-e9249ec89781,Dr. Luiz Otávio Costa,camposana-beatriz@example.com,1958-07-09,PB,2024-08-29
6eff3664-f57f-4f4e-9ef9-fa925bc07e58,Ísis Cassiano,otavio12@example.org,1997-04-25,MA,2024-02-12
4139e991-9343-4453-9674-c152991ef940,Davi Lucca Novaes,pedro-henrique99@example.net,1982-02-01,RN,2024-04-15
e1eb7e7e-25f3-40c9-a8b2-7be7d2d01f47,Davi Lucca Vasconcelos,sabrina31@example.org,1983-04-08,PR,2021-12-03
0f63158f-8bb1-4e00-86f2-8bc4300fab63,Juan Silveira,nda-cunha@example.net,1991-08-15,SC,2022-08-07
1fcde46b-35fc-4d7e-9fa3-0e08c0bb403b,Gael Duarte,isis02@example.net,2004-07-05,PB,2023-07-11
8a7f0e2b-80dc-4701-94a4-81ba2793c515,Olivia Moura,da-conceicaomarcela@example.com,1963-12-20,PB,2024-07-05
6cab5d9e-4efb-4135-8c50-4a88672818ea,Lorenzo Camargo,danielda-luz@example.net,1957-05-26,MS,2022-07-01
48e3479d-8507-422f-8591-0691abd6f921,Heitor Brito,da-rosaheloisa@example.org,1972-03-20,MG,2022-11-23
74c144c9-f1fd-4c98-bbe4-4a1e14c1ceda,Valentim Novaes,rezendeana-julia@example.com,1971-11-03,AM,2022-03-21
a789cc28-11a7-46fb-9121-69eee4b15a05,Amanda Fernandes,souzajoao-gabriel@example.org,2005-09-14,PE,2024-10-05
7a43c1c9-0fc5-4969-9e28-a49734217e79,Juan Silva,leaoyan@example.net,1972-10-31,SP,2023-09-07
3bf8c4d6-5a41-4554-907d-6ee3368795a3,Enzo Gabriel Lopes,luiz-henriquemelo@example.net,1960-11-04,SP,2022-07-28
5ffa04a1-f2d2-4378-9c3d-8044706b4209,Luiz Henrique da Paz,ramosenzo@example.net,1984-11-15,GO,2020-12-11
c3f2ae12-3aa9-4956-ba86-ea5f79d3cef7,Luiz Gustavo Martins,stephany88@example.com,1989-09-16,RJ,2021-05-09
51b66c7d-7465-4cce-a32f-214caed1b385,Sr. Juan Peixoto,emilly59@example.net,1958-11-04,GO,2020-10-15
734a46a9-583d-4a39-9499-83974a5f865f,Lucca Fonseca,antonybrito@example.net,1961-02-12,PI,2023-11-04
2dc15122-047d-40aa-ba6e-6c7f2c76f413,Sr. Luigi da Rocha,pietro35@example.net,1957-06-26,RN,2024-12-19
62a1f710-bfdb-45dd-bbe9-a7856c6d2df3,Bruno Fernandes,bnogueira@example.net,1983-04-24,RR,2021-06-08
25a4bd4b-1dee-4765-8402-afe4133d6346,Dra. Maysa da Rosa,esampaio@example.net,1965-01-13,MT,2023-02-07
4cd1d95f-a11b-4161-b091-ad3d443bd6f6,Srta. Bianca Martins,biancacastro@example.org,1956-12-01,MT,2023-10-13
14722412-5826-4a97-a909-740738b84394,Natália Cavalcanti,guilhermecorreia@example.org,2003-05-16,MT,2022-02-20
7ad931c4-d622-42d4-9632-d20f91e5f693,Cauã Caldeira,esther74@example.org,2004-10-07,AL,2020-02-17
fd84f009-d95f-4e83-b24c-55a47a833ceb,Arthur Miguel Santos,lunnaaragao@example.org,1996-03-10,SP,2022-03-18
544efb82-7290-43b0-886b-7d0de237c96a,Maitê Pastor,oliveroliveira@example.org,1976-01-10,AC,2022-02-10
4fabd9d5-2eb5-4c40-8c4a-e79e3650a810,Julia Casa Grande,rezendekamilly@example.net,1963-03-17,AL,2020-07-31
abaa4a0f-04a6-48dd-bbd0-90744ea9a048,Nathan Correia,aparecidabruna@example.net,2001-05-11,MT,2022-10-08
6f88b0e9-4829-4479-b4d6-fc1c3dc54466,Milena Fogaça,ana-sophia00@example.org,1978-08-28,PE,2021-06-18
4ac237a2-8de9-45a6-b0bb-fa9767fa72e7,Renan Viana,aurora58@example.org,2000-03-05,RJ,2025-01-11
9f8890ae-504f-4f73-95d4-c5fe2ea2fae0,Camila Garcia,kbarbosa@example.net,1975-06-24,AM,2021-04-09
0658e590-2f55-4063-9074-c4cc0b54d810,Rhavi Andrade,das-nevesantony@example.org,1975-05-31,MA,2023-01-30
318d98bb-97ad-4589-918c-608188032f14,Dr. Henry Carvalho,clarasa@example.com,1969-08-28,TO,2021-03-19
a119fc09-d1d9-40e2-9ec1-aea956c2511e,Pedro Azevedo,malmeida@example.org,1957-03-09,MT,2020-09-05
76b8746d-188a-46de-bad5-a71969876632,Arthur Miguel Albuquerque,rezendeana-beatriz@example.net,1998-11-04,TO,2023-06-16
c4f6c6b7-7103-4e47-bebd-1c1bca6464f9,Vitor Ramos,fogacamaria-fernanda@example.com,1968-07-05,CE,2023-10-13
3d522861-557e-481d-ba4b-4904e0d526db,Yago Lima,kevinoliveira@example.com,1995-11-10,PA,2024-07-30
1c813e61-2e93-44ce-ac94-0497ec7ffca1,Sra. Lívia Teixeira,joanamarques@example.org,2004-01-10,GO,2022-09-05
a181c772-b0d9-4d2b-b0d6-d3e0eaa45ede,Alícia Rodrigues,yda-rocha@example.net,1977-07-11,DF,2021-01-28
c29c0ee8-3edd-43dd-8c80-ef589b3d8093,Paulo Pastor,ana84@example.com,2003-07-09,SP,2020-11-06
3a26c4c8-0313-4132-8baf-5c07061ac360,Henry Gabriel Leão,barbosarael@example.com,1956-02-21,RO,2021-06-21
049f3566-1359-4896-8043-97bbb675cdb5,José Pedro da Cruz,daniel74@example.org,2001-01-02,RS,2020-06-09
24db17b7-7742-44c9-8068-ad32d9b80c25,Dr. Augusto Aragão,vborges@example.com,2005-03-17,MS,2024-10-27
8d883719-185d-4f71-80a1-e95c4c5ceb02,Ísis da Rosa,nmartins@example.net,1976-01-19,CE,2025-02-02
e5f7f685-5cc8-4110-8e6f-874a3c3019ec,Julia Peixoto,rafaela40@example.com,1972-12-02,MT,2025-03-23
49685bfb-0d61-43ee-8014-8cb81bd192ed,Ana Vitória Silva,xborges@example.org,1985-01-02,PA,2021-12-17
7746d1aa-3460-4317-85b2-87cc5cdcefcf,Milena Ribeiro,levioliveira@example.com,1958-09-05,SE,2021-01-06
3f79d323-7029-4d97-ab13-df53ecd5f428,Isaac Nogueira,dfogaca@example.org,1980-12-20,PA,2024-01-28
43cf5af0-5718-4881-9f2c-50c859c6e9b3,Larissa Martins,heloisa21@example.com,1983-08-31,MS,2021-03-29
b53130a5-b84e-4ae7-bb18-f1ed757966c2,Cecília Almeida,bda-conceicao@example.org,1969-11-17,RR,2022-08-22
57b8935b-3116-40bc-9a20-445f9a86921b,Nicolas Porto,joanada-rosa@example.com,1966-05-15,MA,2020-04-11
dd966956-9e3a-44ec-8d58-f2912a963b00,Dra. Ágatha Pastor,ravicassiano@example.net,1999-12-18,MS,2020-02-05
1fb070cb-bb1b-4d8b-9e36-9bd747d3606f,Dr. Calebe Borges,ana-julia89@example.com,1991-10-22,PE,2021-05-31
2a388f70-ef5a-470f-a78f-388e5cca4be9,João Guilherme Fogaça,barrosluisa@example.com,1977-01-24,AM,2021-08-29
4fb788e7-0c88-4450-98b5-d8194e1a4fd6,Ana Vitória Cavalcanti,sampaiovitor-hugo@example.com,1987-09-08,PA,2022-06-29
50234d9a-bc56-405c-a352-0cdb8430d9a3,Dom da Rosa,giovannacassiano@example.com,1986-05-22,MS,2022-06-03
92a6d667-b2df-4d7f-bc7e-60d7e79ed5fb,Sra. Ana Cecília Costela,rhavi94@example.net,1990-07-14,PE,2025-07-16
07ad9861-8af7-4c2f-8df3-f9b75b186b5c,Jade Moraes,ana-carolinacaldeira@example.org,1962-08-11,PB,2021-08-31
14e4fb44-ff3c-42b9-ae21-fce4745100d2,Antony Barbosa,vasconcelosmaria-cecilia@example.com,1962-08-18,RS,2022-01-21
87e94f83-cecc-4540-94ee-9342810f5c53,Rodrigo Alves,talmeida@example.org,2002-03-25,PR,2022-05-17
69b0f4f5-21d7-450e-94ba-61681d1164c6,Sra. Olivia Pimenta,ribeironicole@example.com,1971-12-15,DF,2024-08-25
c53a6400-ff94-4ad6-b33c-c509fe44c559,Sr. Gael Vieira,bruno48@example.com,1997-02-18,ES,2022-06-09
10b5ac3c-063e-4184-8f0c-b03dd2c51c17,Luiz Fernando Câmara,laura81@example.com,1995-10-19,RN,2023-12-08
0f0d3cec-f12f-4a63-9e38-c3135b0c469c,Eloah Vasconcelos,joao-vitor02@example.org,1964-12-05,PI,2021-10-09
abf03a43-8a66-4c49-9f23-87dc354f02ed,Sofia Alves,cirinozoe@example.net,1972-05-04,RN,2024-08-16
4d0a2403-ad04-4eb8-b815-e7f355bd6712,Stephany Correia,mendesluisa@example.com,1981-05-11,AP,2024-04-12
00ac731a-0f9a-46e9-a338-172380d8dcb9,Gabriel Silva,gabriela58@example.org,1972-05-18,PI,2020-04-29
236c6a98-ec86-416e-9902-756211cb4fbc,Luiz Felipe Dias,felipe03@example.net,1983-10-21,CE,2023-11-02
dbd6ce27-e0a2-472d-91ec-6b4bcdbc176e,Mariane Vasconcelos,lopesyasmin@example.org,1970-08-01,RS,2022-07-14
02181142-1cae-4548-878d-e3b880f890b3,Matteo Camargo,theoda-cunha@example.com,1988-12-21,AM,2024-03-11
7202634f-9974-43f4-bda9-29d3ceefc383,Maya Lopes,alexia99@example.org,1964-11-28,RN,2020-08-29
a5d503f4-46f9-49bb-884d-a02bc5dbafc9,Agatha Fogaça,yaragao@example.org,1968-07-19,MA,2025-03-02
c931615f-620f-4c75-8df0-c92310f7e4de,Brayan Monteiro,olivermendonca@example.com,1995-10-18,BA,2022-10-04
1d4ca7a7-4f8b-4b7c-a2ba-52b586db821b,Catarina Almeida,mendesmaria-cecilia@example.com,1978-12-19,TO,2020-06-24
31ce4b86-775a-4cb1-8cab-6a4d020b1bbe,Ravi Lucca Cavalcanti,lorenzocastro@example.net,1995-07-17,MS,2020-03-02
98beccf7-f90a-4b8a-bb65-9103aa4379d3,Fernando da Luz,lmendonca@example.com,1989-05-10,PB,2024-05-06
d9f6ed32-55ca-4ba9-aeb1-c614464cc23a,Lucas Abreu,maria11@example.org,1966-01-16,SP,2024-02-07
41e13979-f8e5-4ad6-a810-fdcae889f49e,Isis Monteiro,xaparecida@example.com,1978-08-18,SE,2023-06-15
315a9dbe-1515-40cd-8e07-0c68ddaf00a3,Carolina Cavalcante,luara95@example.net,1958-01-29,TO,2020-09-06
932a2d28-d539-4734-82ce-d35cdc35312d,Lorena Albuquerque,isadorapimenta@example.org,2001-11-11,RO,2023-11-14
d65098cb-b164-410a-8b61-f6d9d65e572c,Enrico Freitas,vinicius86@example.net,1971-05-16,ES,2021-02-08
61e5064e-74fd-4fbb-b8b9-e3b7fdeb5e80,Paulo da Rocha,ecosta@example.net,1956-10-15,RJ,2021-05-24
79821a13-7524-460f-ab94-2333567b2170,Rebeca Mendonça,dcosta@example.net,1996-11-26,MS,2022-09-04
e41f63ee-0e34-4317-b159-38c853af9cce,Isabella Cirino,benjamimpinto@example.org,1982-12-25,PB,2020-06-18
33e6ccf9-bf2e-4744-aef6-0b69ccf78605,Vinicius Vasconcelos,moraestheo@example.com,1977-08-11,SE,2024-07-31
130ffffe-96a2-4fff-9a88-652dd6c7bb33,Sra. Mariane Pacheco,ceciliarezende@example.net,1999-08-23,PE,2020-05-03
ee5baacf-5478-453a-a21a-9920b1db8fbc,Brayan Cavalcante,mariane09@example.org,2001-06-18,DF,2022-12-28
47b048f0-12a5-4971-87ec-d5e3109f85a7,Igor Carvalho,fteixeira@example.net,1990-03-07,AC,2025-01-26
00cb0573-2bff-4e72-b7f5-7a26f9263898,Mirella Lopes,pedro-henrique52@example.com,1990-02-20,AM,2024-03-08
eae2d67d-09dc-4438-b779-6d13cbb56061,Pedro Henrique Borges,camargovitor@example.net,1974-09-28,CE,2024-10-14
52fa33c8-0e9b-454f-999e-e9aff11f6b33,Guilherme Leão,salves@example.net,1984-09-08,MG,2024-06-19
70ad9ed3-000d-4499-8cb4-a17fc0b80fe6,Maria Alice Pinto,lcamara@example.com,1980-10-14,CE,2024-06-01
76a76ee7-1452-4010-a5a2-fad4cf7e1f8b,Lucas Martins,raquelvasconcelos@example.com,1999-06-21,AM,2022-05-28
31ed8bb4-9250-4bac-b857-eaed6ea473ff,João Miguel da Rocha,ana-cecilia22@example.com,1961-10-11,SC,2022-08-31
cf312a4f-4062-4afb-a708-5183381d6fe9,Sra. Ísis Rocha,elisacamargo@example.org,2004-05-27,SE,2020-05-23
a87e7df9-a997-45c4-81d9-ecebd83b68e4,Manuela Farias,pintopedro@example.org,1975-03-20,RR,2022-11-20
11ad8f52-2c12-4022-9cf7-57e9d3bfbfda,Thiago da Conceição,ana-carolina96@example.com,1998-01-16,AL,2024-08-20
cee608da-ca1b-4cc4-b430-ff37f91daacf,Sr. Henry Gabriel da Mota,isaacmonteiro@example.org,1981-12-06,PB,2024-04-14
05c053ee-ecc6-45b2-8f02-4112bb57336f,Maria Julia Dias,sara52@example.net,1981-09-15,AC,2021-04-06
21d49d51-818e-430c-9142-56640c84372e,Joana da Rocha,enzo-gabriel67@example.org,1977-11-02,AL,2025-05-02
60ee72ce-0114-4df7-983a-867a04f5a4ae,Ester da Mata,diego79@example.org,2006-03-12,PR,2020-09-11
833023b9-5fb5-402e-b924-c2f0bebe1fb4,Ayla Casa Grande,lizpastor@example.com,1991-01-08,AM,2024-03-19
9ee6d8f6-2ba0-4a91-b47a-c34ff1c9bd26,Ana Cecília Mendes,liviamontenegro@example.net,1992-06-27,AP,2024-07-20
06072d6d-5a6d-4487-a65d-0a639f0b5c85,Oliver Aparecida,cunhamanuella@example.com,1968-11-03,AC,2021-05-10
986fc507-df3d-4258-9ebf-31498282b37e,Nina da Rosa,qda-luz@example.net,2007-01-17,AP,2021-02-01
b3e1ae70-126d-464e-8021-ab2a1b4fda66,Mateus Rezende,andradeelisa@example.org,1993-08-14,CE,2020-06-26
5f4290f6-dfde-46e5-b96c-8425fa322282,Sophie Ramos,olivia71@example.net,1993-09-17,RR,2021-10-12
20538023-03c1-4439-8c00-88788e9289b9,Maria Laura Rios,salesjoaquim@example.org,1995-04-18,RO,2024-11-19
ffc15f26-16a8-420c-97ad-7bd8727646fa,Sra. Emilly Santos,pintobella@example.com,1972-07-15,DF,2023-09-28
d6408996-4fd1-4366-affe-f81afd540f33,Marcela Ramos,arthur-gabrielpastor@example.com,1988-07-24,BA,2023-06-01
26e7d7e4-e5a5-492c-bd2b-6d43f2efd2f0,Bella Gomes,henry-gabriel30@example.com,1996-09-26,MA,2023-06-16
df60e8ec-2178-43af-80f1-c2805a979edb,Sra. Manuella Nogueira,fogacaana-liz@example.org,1972-04-12,PE,2023-07-29
98bd9673-e0c3-4949-bf19-62faff6094db,Maria Moura,tsouza@example.com,1991-04-02,CE,2022-09-11
2e352b5b-6be5-45d8-9c74-be40880b0304,Diogo Alves,ferreirakevin@example.com,2003-03-25,DF,2024-06-20
b7b00391-d751-4590-bf98-cd17a8a92b22,Larissa Campos,miguelviana@example.org,1977-07-16,MT,2024-05-03
456b82c7-83a5-42fa-b663-c6b16b6a244a,Sabrina Araújo,moreirakaique@example.org,1984-06-29,RN,2020-08-19
e773070f-0f2e-4504-bf1c-35804e3c2b59,Sarah Rodrigues,davi-miguel92@example.org,2007-03-04,SC,2023-04-17
b700ab45-8524-4312-9449-6b6c8f5b9e7e,Ana Carolina Teixeira,livia60@example.org,1973-12-27,PR,2020-10-12
e00065c9-7a2f-4a86-870b-90072ac3abfe,Pedro Henrique Castro,luiz-gustavo46@example.com,1966-03-16,RO,2025-03-22
6038b82e-d332-4797-88af-0dfdffca5d57,Dra. Larissa da Paz,vicente90@example.net,1991-08-29,PB,2021-01-18
dd18f473-84d6-43a8-b98b-0e5b65ce3b8f,Pedro Miguel Sampaio,luiz-otaviofonseca@example.org,1981-12-26,RJ,2021-01-14
2e32cdf2-ae9a-48d3-9111-c8e2f7c647f2,Aylla Duarte,yuri80@example.net,1957-04-23,DF,2024-08-06
37c1cc66-f99e-4b66-a10f-2e199e9ffafa,Rafaela da Rosa,lais76@example.org,1969-09-23,AC,2023-01-11
2b88cb58-c813-4aa3-816c-88c703274477,Sra. Jade Moreira,pedro-henriquenogueira@example.net,1977-09-07,RR,2021-07-08
e939223b-cadd-4f2a-939e-1d11ffea3183,Dra. Lívia Castro,qcasa-grande@example.com,1961-09-14,SE,2022-04-24
9c27e6e5-fa23-421c-aaca-e2e89c5c35ed,Ana Beatriz Cirino,isadora00@example.net,1958-01-05,RN,2023-07-07
85a56410-def2-488b-b07f-8f63a44846aa,Francisco Cunha,borgeskevin@example.com,1982-04-26,SE,2021-09-23
4d1b5dfe-a28e-4e26-962a-bff54e7449a3,Isabelly Fonseca,aylaabreu@example.org,1967-01-27,BA,2021-08-01
2cff6e77-cb89-4be6-90de-2ecc548b4c48,Sr. Danilo Correia,da-luzarthur-miguel@example.net,1982-12-15,BA,2023-07-02
b0d11175-b3c3-4ae8-9258-3827c3ceeb62,Joaquim Casa Grande,souzarafael@example.net,1982-06-15,AM,2020-09-18
5ab97180-ada9-4735-b3fe-31e1edc1cbb2,Davi Albuquerque,ayllavargas@example.com,1990-03-15,RS,2022-05-01
f932a926-6670-4e1f-bf0d-0ba91f1305d0,Hellena Viana,anna-lizpeixoto@example.com,1971-02-12,AM,2022-10-10
0201c239-ac47-4033-8ec9-fa0fb030571f,Cauê Silva,slima@example.com,1957-01-26,BA,2025-04-23
d7ba5d30-1484-41e4-9deb-f174282f0c6e,Leandro Alves,ana-laura78@example.org,1959-03-26,TO,2024-05-09
8e94fe6a-1613-48b8-b08f-5c26aa136eaf,Brayan Brito,inunes@example.com,1963-06-22,RS,2022-03-20
c0294e48-ad23-46e0-bb6d-332290b609a5,Alana Cardoso,heloisaandrade@example.net,1998-02-07,GO,2024-08-08
0101d32c-6185-4ee6-851f-0e131a8a44a1,Maria Julia Nogueira,luan23@example.org,2000-11-27,DF,2024-06-04
a5d4df92-3251-4afb-83a7-cce18550d350,Manuela Fonseca,luna55@example.net,1978-05-09,MG,2021-03-29
25c12ba6-bdc9-472c-bb8b-2291d0eb5e53,Dr. Benjamim da Conceição,ccaldeira@example.com,1999-07-17,RJ,2021-04-21
684ca02d-c8d4-4ada-ab25-6aa55fd8eafe,Davi Miguel Borges,guerrajoao@example.com,1963-05-09,MG,2025-02-18
2e19a0a2-08eb-479c-9776-d4d84f5f8265,Danilo Castro,matheus25@example.org,1972-06-15,CE,2022-09-18
53036330-62d2-4aba-808a-7bfac9ab06f3,Enzo Gabriel Freitas,joao-lucasnascimento@example.net,1957-07-01,CE,2025-06-22
8750e5b6-0f05-48e5-9789-48620f06a7ad,Thales Caldeira,lgoncalves@example.org,1998-02-05,AL,2022-02-08
037b35a6-e80c-4bb5-8e8d-336305d21e7a,Josué Mendonça,renan76@example.org,2004-05-07,PR,2021-03-28
67874e6e-d1b1-4577-bd20-c34eb8cc11d6,Ana Cecília Costela,rmartins@example.org,1978-05-23,PA,2022-08-16
6cbb3969-6035-4302-9f45-13ada5174dcf,Lorenzo Lopes,isabellylopes@example.org,1970-04-30,MS,2025-01-19
aef66c20-3b73-4ece-9999-db50c0026307,Pedro Henrique Nunes,liz90@example.com,2002-12-05,DF,2025-05-22
98e6be1f-5a37-46ad-bfc5-e79cd8cdb572,Ravy Rios,bpinto@example.org,2001-12-17,PA,2020-03-03
f0233cf3-5e2d-49cf-93cc-3b5bd7acaa7b,Bruno Pacheco,machadohadassa@example.net,1983-11-10,PB,2023-12-21
2d845daa-7e85-494c-967e-215054c7703b,Thales Albuquerque,rfarias@example.org,1958-01-21,SP,2020-05-14
713cea08-4da3-4fd4-93fe-f7a831848c76,Lorenzo Castro,luiza51@example.org,2003-07-28,RR,2022-07-19
7fcb0f74-e957-4ab2-a004-0739444cac3d,José Moreira,renanaparecida@example.com,2002-12-07,PA,2021-07-16
c32a302f-c1b3-4e35-b68f-1933db88e6dc,Maria Laura Siqueira,anthony86@example.net,1974-05-07,RO,2023-12-02
465641f9-1642-4c33-a3ca-3ca88a9f66b7,Dr. Luiz Otávio Cavalcante,npires@example.org,1958-02-12,RN,2023-02-21
551b3d06-5e33-4957-8fc9-952c3e5c3d8d,Lívia Sampaio,evelyn76@example.com,1998-04-15,AM,2020-09-10
0e6d7192-ee4e-4e05-bb82-fdd4627ec5d2,Maria da Luz,cardosolunna@example.com,1957-06-30,RO,2024-12-28
484593b6-64fc-4657-b513-96106f1c1e6e,Alana Cavalcante,sousahellena@example.net,1998-03-30,MG,2020-04-22
06606473-7cde-492b-8b79-ddcd45f63106,Sr. João Miguel Pereira,xcirino@example.org,1956-05-16,MT,2021-09-20
fbb7e8b6-e552-4286-ad36-f94af5cf5ad5,Luiz Miguel Cardoso,rda-rocha@example.org,1962-07-08,RN,2025-01-11
3bfc4317-4e46-48f0-be82-e1510630b147,Ana Liz Porto,cecilia16@example.org,1972-06-30,AC,2022-04-15
61e0621f-7594-4089-8032-ac0e10790088,José Miguel Nunes,idas-neves@example.net,1981-03-17,MT,2022-12-13
fc65ea46-56ee-4313-9623-900674343c5c,José Miguel Brito,costelahelena@example.net,1981-05-15,MT,2024-08-07
cb23b015-2f97-4303-a6f9-f567754eda03,Sr. Benicio Cunha,rbarros@example.net,1994-08-08,MG,2023-07-29
da4fb9a9-80f4-4d57-9c91-901a5a8feddd,Sra. Esther Gonçalves,caionascimento@example.net,1991-05-22,MG,2023-12-31
7b84ff54-8b06-4aeb-8cd7-bbf97d636e87,Fernando Santos,aliciaandrade@example.com,1956-05-19,RR,2025-07-14
2439195a-ae69-4a03-b244-5f1e8cd285be,Valentina da Cruz,fariasluan@example.org,1986-09-20,RS,2025-02-23
6a35fbc7-5859-4895-a6ac-aa5e7e437f71,Giovanna da Mata,ribeirodanilo@example.com,1967-01-03,SC,2025-05-15
5b387c88-1dda-4ece-94d9-0a9c8b46f726,Theo da Costa,fariascamila@example.com,1955-07-08,GO,2024-04-20
6144e714-d866-4b28-b535-c7e16a6b7360,Raul Silva,leaoana-julia@example.net,1999-06-24,SP,2021-08-17
d757fe92-c717-4a5c-84c6-210ed366c49d,Liam Carvalho,ana-julia70@example.org,1983-04-23,PA,2025-02-22
df75c981-a908-4563-a3a4-53edd4c42860,Pietra Ramos,valentimnogueira@example.org,1962-06-09,MS,2021-05-04
e8cd4c87-571c-4ebf-98b5-65ff00c54012,Eduardo Santos,manuelapires@example.com,1962-01-31,RO,2020-02-05
fd89e8c2-1779-430b-b3d0-1116afc81b7a,Felipe Fonseca,otaviopastor@example.com,2002-10-11,TO,2022-01-28
6394f7e2-217a-4a8f-8cf5-5347811fa438,Nina Caldeira,eloahsousa@example.net,1956-04-03,PI,2021-02-03
7ddc209b-ba5f-415e-9d8d-31b908692a5d,Isabel Brito,da-matajuliana@example.net,1999-03-04,BA,2020-06-16
2d60fff5-279a-4363-8a78-b6c555c6c4ef,Vitor Hugo das Neves,ksiqueira@example.org,1981-04-28,RS,2024-12-24
c5997510-58a5-413f-bcec-f90ced488fd0,Matheus Viana,ksilva@example.net,1964-11-22,MA,2022-04-13
15e922a7-29e9-48d8-b94d-c3c58fa1b1b4,Ravy Araújo,barrosanthony@example.org,1992-09-15,SP,2021-09-05
87f38616-ba09-4f30-a808-15b07aaef652,Maria Helena Costela,piresoliver@example.com,1989-11-01,BA,2022-12-30
689bb56d-13ea-44f5-b386-b7b0444aed1a,Dra. Raquel Nogueira,vasconcelosalexandre@example.net,1963-02-07,PA,2021-09-30
24583408-3b1e-4a90-be2e-cf5f3fb61983,Isis Duarte,das-nevesoliver@example.org,1998-08-31,RO,2023-10-21
2fdfbe04-31ad-4fd8-aafd-c06b14eab9e2,Caio Vieira,ryanfarias@example.com,1960-01-26,RS,2022-05-22
240599b9-3776-423a-b828-c403f3fa29fe,Luigi Sá,sousaguilherme@example.net,1966-01-07,RN,2022-01-15
5881691b-2b06-4e49-895b-86f5eaffe4b4,Vitor Lima,sophieda-cruz@example.org,2004-09-17,PI,2020-09-04
2f599d92-c386-4c86-aa6b-3409cab0e7a2,Evelyn Ribeiro,pazevedo@example.com,1981-05-05,SC,2025-05-24
5ac8f3df-74d4-4c00-bc3e-9f109ce84733,Augusto Cassiano,cecilia86@example.net,1954-12-09,ES,2021-12-03
1d7b0d41-0a09-4b3e-ac7d-08e0339c76e2,Lavínia Ramos,maria-julia34@example.org,1968-07-24,RS,2025-07-28
526ca696-48cc-45ad-9747-bec495a20ceb,Larissa Costa,ucostela@example.org,1956-10-04,PA,2022-12-09
b90883c7-b3c9-4713-9866-131f5cc5f32b,Dr. Luiz Felipe Souza,cardosokamilly@example.org,2000-08-27,PA,2020-12-22
2f5579c8-8657-4a72-b7a1-07c1035c1e90,Jade da Paz,sampaiomaria-julia@example.com,1990-01-01,MA,2024-10-06
86dd7c75-f6bb-4afb-8b00-8097380f8fd1,Sra. Jade Câmara,rael21@example.com,1962-04-10,CE,2025-07-04
9993a0bd-11a0-47af-8f86-38d6fb2ba317,Maria Liz da Mota,henryoliveira@example.org,1956-02-07,PR,2022-06-25
458b3577-9979-4fdc-9bc2-9832a38ac3e4,Srta. Stella Pimenta,dalmeida@example.org,1996-03-29,BA,2021-05-27
d3844daa-5aef-4543-a320-0f56820ddf3b,Dra. Beatriz Aparecida,fcassiano@example.com,1960-08-07,SP,2020-03-30
247fde4f-4a03-4e48-9bfc-69e2a949519e,Joaquim Vasconcelos,dantealves@example.com,1959-02-03,MS,2024-09-21
2e1210fa-71fc-465f-a3c7-6a63f4cf9af0,José Pedro Nascimento,emanuel06@example.net,1995-02-26,AC,2025-01-24
b4a59cc5-dff5-4d4d-856f-e050af411717,Paulo da Mata,garciajoao-felipe@example.com,1997-02-03,SE,2024-10-23
77623407-a9e3-43c5-a3a2-830dfb9d55bd,Dr. Alexandre Pereira,sathomas@example.com,1987-01-31,DF,2021-10-03
bc9f4230-5489-4ee7-bec3-92338cd466db,Isaac Monteiro,bnunes@example.org,1996-06-09,PR,2023-04-03
a6d241c7-7654-43b1-b9c8-6206e39a7fff,Dr. Vitor Gabriel Jesus,marcelorezende@example.org,1981-06-21,PA,2024-07-05
b736067a-8297-461d-a660-244c911cc4e3,Rael Moraes,ada-rosa@example.net,1990-08-16,AP,2024-01-16
bf9604aa-2aa5-42c0-9215-6b2a5a13447d,Luiz Otávio Jesus,francisco88@example.org,2006-02-11,RJ,2025-04-23
9d50b56d-fe71-4601-9c3d-2286dc77cdd6,Thales Gomes,sofiasousa@example.com,1955-08-26,PA,2020-06-15
940e862e-e080-4361-b720-1b22acc5de93,Luísa Câmara,ramoserick@example.net,1998-11-20,AP,2023-01-22
7d08c3d9-a49f-4574-a0f0-a7a8e499bcf2,Yan Nunes,aparecidaalice@example.com,1981-12-07,AC,2024-06-07
46f36cdc-02a0-4492-8d45-297ba838beb2,Alexia Pires,freitasgael@example.com,1961-10-29,RS,2020-08-06
df3749df-d136-4c08-b3c1-556bae22b01a,Gabriela Pereira,ndas-neves@example.com,1973-04-05,RR,2022-07-09
36fddbcd-4425-475a-841b-b843f573271b,Laís da Rosa,nalmeida@example.com,1977-11-12,PE,2021-04-13
2d6ed89a-7a45-4513-99ca-e465e2043618,Ana Lívia Cavalcanti,ayla65@example.net,1988-04-09,MS,2020-09-07
db5c8a19-0414-4fb5-a1a8-10013776ff19,Sra. Alícia Santos,vpacheco@example.com,1957-09-13,AC,2023-11-23
91ab2311-534f-4968-98e9-429387c21230,Beatriz Lopes,pmonteiro@example.org,1957-02-11,SC,2023-09-15
7466742b-fbe7-411f-8531-a6fb1a25166f,Bryan Jesus,lgoncalves@example.org,1997-12-27,RO,2025-06-25
864bcd64-558b-4d4b-a966-0e057066ea8c,Nicole Vieira,mathias27@example.net,1970-09-24,AC,2020-07-23
08cf0062-d67d-45d8-b5cd-ef69f5a7a450,Luana Silveira,sduarte@example.org,1964-07-09,DF,2023-02-28
41376513-d55c-408b-88f8-255a1462ae92,Mathias Costela,gabriela58@example.net,1999-08-21,PA,2020-08-04
af95d8a6-dd4f-470b-87e0-be03f3d99de1,Fernando Garcia,julialopes@example.org,1968-06-12,CE,2025-01-17
a69fd5d4-94e7-43f5-bf6a-e4c9c5c4f5c6,Pedro Novais,renan93@example.com,1968-01-10,GO,2021-09-13
50725b5a-e2fe-4e68-8def-cad788d6e738,Laís Aragão,marqueseloah@example.org,1981-11-28,MG,2023-02-15
bfe23e59-504a-4d97-a332-45ca6beabdfb,Bryan Martins,luan34@example.org,1958-03-27,MS,2021-12-20
80abae4c-cfc8-4072-aabf-bf70cc307a32,Maria Sophia Costela,vsampaio@example.com,2002-05-18,AC,2025-07-31
527378e8-1c51-4e6f-94cf-ee8f99a1c90d,Ian Gomes,sandrade@example.org,1987-10-22,AP,2020-05-30
4738ca21-33a1-41c3-9a0f-0aea402f5857,Lívia Monteiro,lorenasousa@example.org,1956-11-27,AP,2020-12-08
e0707c96-44d6-4aae-b889-0b10efb7cc73,Yan Viana,eduardo77@example.net,1988-08-26,RJ,2023-05-14
40c2c3aa-ef4e-457f-aab7-8b41399d42d1,Pietro Mendonça,camaravitor-hugo@example.com,1979-05-27,RR,2021-10-12
70596081-43a3-4e0a-982a-284bccd42c3b,Srta. Lunna Fogaça,allana09@example.org,1994-01-08,RS,2020-11-19
b7bbf4f9-52d7-4f4b-8c6c-c4483c445e9c,Asafe Nascimento,maria-sophia97@example.org,1989-03-03,CE,2022-03-10
39675dfa-fde6-4f99-b1d7-f18213d8f26d,Levi Rezende,cavalcantileo@example.com,1972-04-02,AL,2023-01-07
fe60088b-8c73-46fe-95a8-5d13b7f96974,Thomas Montenegro,anthony-gabrielgoncalves@example.com,1983-11-22,RO,2023-04-27
ad54f3c7-32f9-4e29-9602-c1908503891c,Davi Luiz Aragão,ravi04@example.org,1998-03-10,PR,2021-07-30
3d91f463-53e1-488e-a8fd-c8a05b868f84,Bruna Castro,dmontenegro@example.org,1987-09-16,RJ,2023-07-03
24c473c2-9f4e-4bed-8fbd-afe1616a8f60,Thomas Azevedo,fariasenrico@example.org,1984-11-28,RO,2024-03-04
7eebcd6d-6349-4db2-99b0-46522c338827,Dr. Luiz Felipe Araújo,cmendes@example.org,1995-10-08,PR,2021-12-31
481475c8-8942-411a-ad90-dca2124ea798,Theodoro Monteiro,lmendonca@example.com,1982-11-30,SP,2020-04-17
4d639ad8-b040-4c29-8ddc-c7eb10589405,Diogo Cirino,sara26@example.net,1969-06-15,RJ,2020-02-16
